INSERT INTO Department (DepartmentID, DepartmentName, OfficeLocation) VALUES
(1, 'Computer Science', 'Engineering Building, Office A1'),
(2, 'Mathematics', 'Engineering Building, Office A2'),
(3, 'Physics', 'Science Building, Office A3'),
(4, 'Chemistry', 'Science Building, Office A4'),
(5, 'Biology', 'Science Building, Office A5'),
(6, 'English', 'Humanities Building, Office B1'),
(7, 'History', 'Humanities Building, Office B2'),
(8, 'Economics', 'Business Building, Office C1'),
(9, 'Political Science', 'Humanities Building, Office B3'),
(10, 'Psychology', 'Psychology Building, Office C2'),
(11, 'Sociology', 'Psychology Building, Office C3'),
(12, 'Art History', 'Art Building, Office D1'),
(13, 'Music', 'Art Building, Office D2'),
(14, 'Civil Engineering', 'Engineering Building, Office A3'),
(15, 'Mechanical Engineering', 'Engineering Building, Office A4');

-- Insert data into Instructor table (50 instructors)
-- Realistic names and emails generated programmatically
INSERT INTO Instructor (InstructorID, FirstName, LastName, Email, Salary, DepartmentID) VALUES
(101, 'Liam', 'Nguyen', 'liam.nguyen@university.edu', 92000.00, 1),
(102, 'Olivia', 'Kim', 'olivia.kim@university.edu', 95000.00, 2),
(103, 'Noah', 'Lee', 'noah.lee@university.edu', 88000.00, 3),
(104, 'Emma', 'Wang', 'emma.wang@university.edu', 90000.00, 4),
(105, 'Oliver', 'Chen', 'oliver.chen@university.edu', 93000.00, 5),
(106, 'Charlotte', 'Liu', 'charlotte.liu@university.edu', 87000.00, 6),
(107, 'Elijah', 'Zhang', 'elijah.zhang@university.edu', 91000.00, 7),
(108, 'Amelia', 'Li', 'amelia.li@university.edu', 94000.00, 8),
(109, 'James', 'Zhao', 'james.zhao@university.edu', 89000.00, 9),
(110, 'Sophia', 'Guo', 'sophia.guo@university.edu', 92000.00, 10),
(111, 'Benjamin', 'Ma', 'benjamin.ma@university.edu', 96000.00, 11),
(112, 'Isabella', 'Zhou', 'isabella.zhou@university.edu', 86000.00, 12),
(113, 'Lucas', 'Xu', 'lucas.xu@university.edu', 90000.00, 13),
(114, 'Mia', 'Sun', 'mia.sun@university.edu', 93000.00, 14),
(115, 'Henry', 'Hu', 'henry.hu@university.edu', 89000.00, 15),
(116, 'Harper', 'Lin', 'harper.lin@university.edu', 91000.00, 1),
(117, 'Alexander', 'Yang', 'alexander.yang@university.edu', 94000.00, 2),
(118, 'Evelyn', 'He', 'evelyn.he@university.edu', 88000.00, 3),
(119, 'William', 'Xie', 'william.xie@university.edu', 90000.00, 4),
(120, 'Abigail', 'Song', 'abigail.song@university.edu', 93000.00, 5),
(121, 'Daniel', 'Zheng', 'daniel.zheng@university.edu', 87000.00, 6),
(122, 'Emily', 'Cao', 'emily.cao@university.edu', 91000.00, 7),
(123, 'Michael', 'Perez', 'michael.perez@university.edu', 94000.00, 8),
(124, 'Elizabeth', 'Ramirez', 'elizabeth.ramirez@university.edu', 89000.00, 9),
(125, 'Matthew', 'Sanchez', 'matthew.sanchez@university.edu', 92000.00, 10),
(126, 'Sofia', 'Torres', 'sofia.torres@university.edu', 96000.00, 11),
(127, 'Logan', 'Flores', 'logan.flores@university.edu', 86000.00, 12),
(128, 'Ava', 'Rivera', 'ava.rivera@university.edu', 90000.00, 13),
(129, 'Jackson', 'Gomez', 'jackson.gomez@university.edu', 93000.00, 14),
(130, 'Chloe', 'Diaz', 'chloe.diaz@university.edu', 89000.00, 15),
(131, 'Sebastian', 'Reyes', 'sebastian.reyes@university.edu', 91000.00, 1),
(132, 'Ella', 'Morales', 'ella.morales@university.edu', 94000.00, 2),
(133, 'Aiden', 'Ortiz', 'aiden.ortiz@university.edu', 88000.00, 3),
(134, 'Grace', 'Gutierrez', 'grace.gutierrez@university.edu', 90000.00, 4),
(135, 'Joseph', 'Chavez', 'joseph.chavez@university.edu', 93000.00, 5),
(136, 'Scarlett', 'Ruiz', 'scarlett.ruiz@university.edu', 87000.00, 6),
(137, 'Samuel', 'Hernandez', 'samuel.hernandez@university.edu', 91000.00, 7),
(138, 'Lily', 'Castillo', 'lily.castillo@university.edu', 94000.00, 8),
(139, 'David', 'Jimenez', 'david.jimenez@university.edu', 89000.00, 9),
(140, 'Victoria', 'Vazquez', 'victoria.vazquez@university.edu', 92000.00, 10),
(141, 'John', 'Moreno', 'john.moreno@university.edu', 96000.00, 11),
(142, 'Zoe', 'Salazar', 'zoe.salazar@university.edu', 86000.00, 12),
(143, 'Andrew', 'Estrada', 'andrew.estrada@university.edu', 90000.00, 13),
(144, 'Luna', 'Vargas', 'luna.vargas@university.edu', 93000.00, 14),
(145, 'Gabriel', 'Aguilar', 'gabriel.aguilar@university.edu', 89000.00, 15),
(146, 'Nora', 'Mendoza', 'nora.mendoza@university.edu', 91000.00, 1),
(147, 'Julian', 'Padilla', 'julian.padilla@university.edu', 94000.00, 2),
(148, 'Stella', 'Guerrero', 'stella.guerrero@university.edu', 88000.00, 3),
(149, 'Owen', 'Delgado', 'owen.delgado@university.edu', 90000.00, 4),
(150, 'Hannah', 'Rojas', 'hannah.rojas@university.edu', 93000.00, 5);


-- Insert data into Student table (150 students)
INSERT INTO Student (StudentID, FirstName, LastName, Email, MajorDeptID, EnrollmentYear) VALUES
(2001, 'Emily', 'Garcia', 'emily.garcia@student.university.edu', 1, 2022),
(2002, 'Jacob', 'Rodriguez', 'jacob.rodriguez@student.university.edu', 1, 2022),
(2003, 'Ava', 'Martinez', 'ava.martinez@student.university.edu', 2, 2023),
(2004, 'Michael', 'Hernandez', 'michael.hernandez@student.university.edu', 3, 2023),
(2005, 'Sophia', 'Lopez', 'sophia.lopez@student.university.edu', 4, 2024),
(2006, 'Ethan', 'Gonzalez', 'ethan.gonzalez@student.university.edu', 5, 2022),
(2007, 'Olivia', 'Perez', 'olivia.perez@student.university.edu', 6, 2023),
(2008, 'William', 'Sanchez', 'william.sanchez@student.university.edu', 7, 2024),
(2009, 'Isabella', 'Ramirez', 'isabella.ramirez@student.university.edu', 8, 2022),
(2010, 'James', 'Cruz', 'james.cruz@student.university.edu', 9, 2023),
(2011, 'Mia', 'Morales', 'mia.morales@student.university.edu', 10, 2024),
(2012, 'Alexander', 'Gutierrez', 'alexander.gutierrez@student.university.edu', 11, 2022),
(2013, 'Charlotte', 'Ortiz', 'charlotte.ortiz@student.university.edu', 12, 2023),
(2014, 'Daniel', 'Vazquez', 'daniel.vazquez@student.university.edu', 13, 2024),
(2015, 'Amelia', 'Reyes', 'amelia.reyes@student.university.edu', 14, 2022),
(2016, 'Benjamin', 'Gomez', 'benjamin.gomez@student.university.edu', 15, 2023),
(2017, 'Harper', 'Diaz', 'harper.diaz@student.university.edu', 1, 2024),
(2018, 'Logan', 'Alvarez', 'logan.alvarez@student.university.edu', 2, 2022),
(2019, 'Evelyn', 'Ruiz', 'evelyn.ruiz@student.university.edu', 3, 2023),
(2020, 'Jackson', 'Flores', 'jackson.flores@student.university.edu', 4, 2024),
(2021, 'Abigail', 'Washington', 'abigail.washington@student.university.edu', 5, 2022),
(2022, 'Sebastian', 'Lee', 'sebastian.lee@student.university.edu', 6, 2023),
(2023, 'Sofia', 'Kim', 'sofia.kim@student.university.edu', 7, 2024),
(2024, 'Mason', 'Nguyen', 'mason.nguyen@student.university.edu', 8, 2022),
(2025, 'Ella', 'Tran', 'ella.tran@student.university.edu', 9, 2023),
(2026, 'Aiden', 'Pham', 'aiden.pham@student.university.edu', 10, 2024),
(2027, 'Grace', 'Vo', 'grace.vo@student.university.edu', 11, 2022),
(2028, 'Joseph', 'Huang', 'joseph.huang@student.university.edu', 12, 2023),
(2029, 'Chloe', 'Chen', 'chloe.chen@student.university.edu', 13, 2024),
(2030, 'Samuel', 'Lin', 'samuel.lin@student.university.edu', 14, 2022),
(2031, 'Lily', 'Chang', 'lily.chang@student.university.edu', 15, 2023),
(2032, 'David', 'Wang', 'david.wang@student.university.edu', 1, 2024),
(2033, 'Zoe', 'Yang', 'zoe.yang@student.university.edu', 2, 2022),
(2034, 'Andrew', 'Liu', 'andrew.liu@student.university.edu', 3, 2023),
(2035, 'Luna', 'Zhao', 'luna.zhao@student.university.edu', 4, 2024),
(2036, 'Gabriel', 'Xie', 'gabriel.xie@student.university.edu', 5, 2022),
(2037, 'Nora', 'Guo', 'nora.guo@student.university.edu', 6, 2023),
(2038, 'Julian', 'Song', 'julian.song@university.edu', 7, 2024),
(2039, 'Stella', 'Zheng', 'stella.zheng@student.university.edu', 8, 2022),
(2040, 'Owen', 'Cao', 'owen.cao@student.university.edu', 9, 2023),
(2041, 'Hannah', 'Ma', 'hannah.ma@student.university.edu', 10, 2024),
(2042, 'Anthony', 'Zhou', 'anthony.zhou@student.university.edu', 11, 2022),
(2043, 'Scarlett', 'Sun', 'scarlett.sun@student.university.edu', 12, 2023),
(2044, 'Christopher', 'Hu', 'christopher.hu@student.university.edu', 13, 2024),
(2045, 'Layla', 'Li', 'layla.li@student.university.edu', 14, 2022),
(2046, 'Joshua', 'Ye', 'joshua.ye@student.university.edu', 15, 2023),
(2047, 'Victoria', 'Xu', 'victoria.xu@student.university.edu', 1, 2024),
(2048, 'Dylan', 'Wong', 'dylan.wong@student.university.edu', 2, 2022),
(2049, 'Madison', 'Shen', 'madison.shen@student.university.edu', 3, 2023),
(2050, 'Nathan', 'Zhong', 'nathan.zhong@student.university.edu', 4, 2024),
(2051, 'Lily', 'Collins', 'lily.collins@student.university.edu', 5, 2022),
(2052, 'Ryan', 'Stewart', 'ryan.stewart@student.university.edu', 6, 2023),
(2053, 'Penelope', 'Sanders', 'penelope.sanders@student.university.edu', 7, 2024),
(2054, 'Caleb', 'Scott', 'caleb.scott@student.university.edu', 8, 2022),
(2055, 'Aria', 'Foster', 'aria.foster@student.university.edu', 9, 2023),
(2056, 'Isaiah', 'Ross', 'isaiah.ross@student.university.edu', 10, 2024),
(2057, 'Grace', 'Kelly', 'grace.kelly@student.university.edu', 11, 2022),
(2058, 'Ezra', 'Parker', 'ezra.parker@student.university.edu', 12, 2023),
(2059, 'Ellie', 'Price', 'ellie.price@student.university.edu', 13, 2024),
(2060, 'Gabriel', 'Evans', 'gabriel.evans@student.university.edu', 14, 2022),
(2061, 'Savannah', 'Turner', 'savannah.turner@student.university.edu', 15, 2023),
(2062, 'Leo', 'Cooper', 'leo.cooper@student.university.edu', 1, 2024),
(2063, 'Aubrey', 'Hill', 'aubrey.hill@student.university.edu', 2, 2022),
(2064, 'Asher', 'Phillips', 'asher.phillips@student.university.edu', 3, 2023),
(2065, 'Addison', 'Edwards', 'addison.edwards@student.university.edu', 4, 2024),
(2066, 'Julian', 'Mitchell', 'julian.mitchell@student.university.edu', 5, 2022),
(2067, 'Brooklyn', 'Adams', 'brooklyn.adams@student.university.edu', 6, 2023),
(2068, 'Jaxon', 'Baker', 'jaxon.baker@student.university.edu', 7, 2024),
(2069, 'Layla', 'Green', 'layla.green@student.university.edu', 8, 2022),
(2070, 'Mateo', 'Campbell', 'mateo.campbell@student.university.edu', 9, 2023),
(2071, 'Nova', 'Carter', 'nova.carter@student.university.edu', 10, 2024),
(2072, 'Lincoln', 'Roberts', 'lincoln.roberts@student.university.edu', 11, 2022),
(2073, 'Aurora', 'Fisher', 'aurora.fisher@student.university.edu', 12, 2023),
(2074, 'Ezra', 'Miller', 'ezra.miller@student.university.edu', 13, 2024),
(2075, 'Camila', 'Davis', 'camila.davis@student.university.edu', 14, 2022),
(2076, 'Isaiah', 'Nguyen', 'isaiah.nguyen@student.university.edu', 15, 2023),
(2077, 'Willow', 'Kim', 'willow.kim@student.university.edu', 1, 2024),
(2078, 'Nathan', 'Lee', 'nathan.lee@student.university.edu', 2, 2022),
(2079, 'Luna', 'Wang', 'luna.wang@student.university.edu', 3, 2023),
(2080, 'Elias', 'Chen', 'elias.chen@student.university.edu', 4, 2024),
(2081, 'Scarlett', 'Liu', 'scarlett.liu@student.university.edu', 5, 2022),
(2082, 'Milo', 'Zhang', 'milo.zhang@student.university.edu', 6, 2023),
(2083, 'Hazel', 'Li', 'hazel.li@student.university.edu', 7, 2024),
(2084, 'Luca', 'Zhao', 'luca.zhao@student.university.edu', 8, 2022),
(2085, 'Elara', 'Guo', 'elara.guo@student.university.edu', 9, 2023),
(2086, 'Rowan', 'Ma', 'rowan.ma@student.university.edu', 10, 2024),
(2087, 'Violet', 'Zhou', 'violet.zhou@student.university.edu', 11, 2022),
(2088, 'Grayson', 'Xu', 'grayson.xu@student.university.edu', 12, 2023),
(2089, 'Avery', 'Sun', 'avery.sun@student.university.edu', 13, 2024),
(2090, 'Leo', 'Hu', 'leo.hu@student.university.edu', 14, 2022),
(2091, 'Ivy', 'Lin', 'ivy.lin@student.university.edu', 15, 2023),
(2092, 'Owen', 'Yang', 'owen.yang@student.university.edu', 1, 2024),
(2093, 'Piper', 'He', 'piper.he@student.university.edu', 2, 2022),
(2094, 'Wyatt', 'Xie', 'wyatt.xie@student.university.edu', 3, 2023),
(2095, 'Ruby', 'Song', 'ruby.song@student.university.edu', 4, 2024),
(2096, 'Elijah', 'Zheng', 'elijah.zheng@student.university.edu', 5, 2022),
(2097, 'Aurora', 'Cao', 'aurora.cao@student.university.edu', 6, 2023),
(2098, 'Miles', 'Ma', 'miles.ma@student.university.edu', 7, 2024),
(2099, 'Clara', 'Zhou', 'clara.zhou@student.university.edu', 8, 2022),
(2100, 'Jack', 'Sun', 'jack.sun@student.university.edu', 9, 2023),
(2101, 'Ada', 'Hu', 'ada.hu@student.university.edu', 10, 2024),
(2102, 'Luke', 'Li', 'luke.li@student.university.edu', 11, 2022),
(2103, 'Sophie', 'Ye', 'sophie.ye@student.university.edu', 12, 2023),
(2104, 'Arthur', 'Xu', 'arthur.xu@student.university.edu', 13, 2024),
(2105, 'Chloe', 'Wong', 'chloe.wong@student.university.edu', 14, 2022),
(2106, 'Grace', 'Shen', 'grace.shen@student.university.edu', 15, 2023),
(2107, 'Henry', 'Zhong', 'henry.zhong@student.university.edu', 1, 2024),
(2108, 'Ivy', 'Collins', 'ivy.collins@student.university.edu', 2, 2022),
(2109, 'Leo', 'Stewart', 'leo.stewart@student.university.edu', 3, 2023),
(2110, 'Mia', 'Sanders', 'mia.sanders@student.university.edu', 4, 2024),
(2111, 'Noah', 'Scott', 'noah.scott@student.university.edu', 5, 2022),
(2112, 'Olivia', 'Foster', 'olivia.foster@student.university.edu', 6, 2023),
(2113, 'Oliver', 'Ross', 'oliver.ross@student.university.edu', 7, 2024),
(2114, 'Penelope', 'Kelly', 'penelope.kelly@student.university.edu', 8, 2022),
(2115, 'William', 'Parker', 'william.parker@student.university.edu', 9, 2023),
(2116, 'Sophia', 'Price', 'sophia.price@student.university.edu', 10, 2024),
(2117, 'James', 'Evans', 'james.evans@student.university.edu', 11, 2022),
(2118, 'Isabella', 'Turner', 'isabella.turner@student.university.edu', 12, 2023),
(2119, 'Benjamin', 'Cooper', 'benjamin.cooper@student.university.edu', 13, 2024),
(2120, 'Charlotte', 'Hill', 'charlotte.hill@student.university.edu', 14, 2022),
(2121, 'Ethan', 'Phillips', 'ethan.phillips@student.university.edu', 15, 2023),
(2122, 'Amelia', 'Edwards', 'amelia.edwards@student.university.edu', 1, 2024),
(2123, 'Daniel', 'Mitchell', 'daniel.mitchell@student.university.edu', 2, 2022),
(2124, 'Harper', 'Adams', 'harper.adams@student.university.edu', 3, 2023),
(2125, 'Logan', 'Baker', 'logan.baker@student.university.edu', 4, 2024),
(2126, 'Evelyn', 'Green', 'evelyn.green@student.university.edu', 5, 2022),
(2127, 'Jackson', 'Campbell', 'jackson.campbell@student.university.edu', 6, 2023),
(2128, 'Abigail', 'Carter', 'abigail.carter@student.university.edu', 7, 2024),
(2129, 'Sebastian', 'Roberts', 'sebastian.roberts@student.university.edu', 8, 2022),
(2130, 'Sofia', 'Fisher', 'sofia.fisher@student.university.edu', 9, 2023),
(2131, 'Mason', 'Miller', 'mason.miller@student.university.edu', 10, 2024),
(2132, 'Ella', 'Davis', 'ella.davis@student.university.edu', 11, 2022),
(2133, 'Aiden', 'Nguyen', 'aiden.nguyen@student.university.edu', 12, 2023),
(2134, 'Grace', 'Kim', 'grace.kim@student.university.edu', 13, 2024),
(2135, 'Joseph', 'Lee', 'joseph.lee@student.university.edu', 14, 2022),
(2136, 'Chloe', 'Wang', 'chloe.wang@student.university.edu', 15, 2023),
(2137, 'Samuel', 'Chen', 'samuel.chen@student.university.edu', 1, 2024),
(2138, 'Lily', 'Liu', 'lily.liu@student.university.edu', 2, 2022),
(2139, 'David', 'Zhang', 'david.zhang@student.university.edu', 3, 2023),
(2140, 'Zoe', 'Li', 'zoe.li@student.university.edu', 4, 2024),
(2141, 'Andrew', 'Zhao', 'andrew.zhao@student.university.edu', 5, 2022),
(2142, 'Luna', 'Guo', 'luna.guo@student.university.edu', 6, 2023),
(2143, 'Gabriel', 'Ma', 'gabriel.ma@student.university.edu', 7, 2024),
(2144, 'Nora', 'Zhou', 'nora.zhou@student.university.edu', 8, 2022),
(2145, 'Julian', 'Xu', 'julian.xu@student.university.edu', 9, 2023),
(2146, 'Stella', 'Sun', 'stella.sun@student.university.edu', 10, 2024),
(2147, 'Owen', 'Hu', 'owen.hu@student.university.edu', 11, 2022),
(2148, 'Hannah', 'Lin', 'hannah.lin@student.university.edu', 12, 2023),
(2149, 'Anthony', 'Yang', 'anthony.yang@student.university.edu', 13, 2024),
(2150, 'Scarlett', 'He', 'scarlett.he@student.university.edu', 14, 2022);


-- Insert data into Course table (60 courses)
INSERT INTO Course (CourseID, CourseName, Credits, Description, DepartmentID) VALUES
(1001, 'Introduction to Programming', 3.0, 'Fundamentals of programming using Python.', 1),
(1002, 'Data Structures and Algorithms', 3.0, 'Advanced topics in data organization and efficient algorithms.', 1),
(1003, 'Database Management Systems', 3.0, 'Design and implementation of relational databases.', 1),
(1004, 'Operating Systems', 3.0, 'Principles of modern operating systems.', 1),
(1005, 'Artificial Intelligence', 3.0, 'Concepts and applications of AI and machine learning.', 1),
(1006, 'Web Development Basics', 3.0, 'Introduction to front-end and back-end web technologies.', 1),
(2001, 'Calculus I', 4.0, 'Limits, derivatives, and integrals of single-variable functions.', 2),
(2002, 'Calculus II', 4.0, 'Sequences, series, and multivariable calculus.', 2),
(2003, 'Linear Algebra', 3.0, 'Vector spaces, matrices, and linear transformations.', 2),
(2004, 'Discrete Mathematics', 3.0, 'Foundations for computer science, including logic and graph theory.', 2),
(2005, 'Differential Equations', 3.0, 'Methods for solving ordinary and partial differential equations.', 2),
(3001, 'General Physics I', 4.0, 'Mechanics, heat, and sound.', 3),
(3002, 'General Physics II', 4.0, 'Electricity, magnetism, and light.', 3),
(3003, 'Quantum Mechanics I', 3.0, 'Introduction to the principles of quantum theory.', 3),
(3004, 'Thermodynamics and Statistical Mechanics', 3.0, 'Energy, entropy, and microscopic properties of matter.', 3),
(4001, 'General Chemistry I', 4.0, 'Atomic structure, bonding, and chemical reactions.', 4),
(4002, 'General Chemistry II', 4.0, 'Thermodynamics, kinetics, and electrochemistry.', 4),
(4003, 'Organic Chemistry I', 3.0, 'Structure, nomenclature, and reactions of organic compounds.', 4),
(4004, 'Biochemistry', 3.0, 'Chemical processes within living organisms.', 4),
(5001, 'General Biology I', 4.0, 'Cell biology, genetics, and evolution.', 5),
(5002, 'General Biology II', 4.0, 'Ecology, diversity of life, and plant/animal physiology.', 5),
(5003, 'Genetics', 3.0, 'Principles of heredity and molecular genetics.', 5),
(5004, 'Ecology', 3.0, 'Interactions between organisms and their environment.', 5),
(6001, 'Introduction to Literature', 3.0, 'Analysis of various literary genres and periods.', 6),
(6002, 'Academic Writing', 3.0, 'Techniques for effective academic prose.', 6),
(6003, 'Shakespearean Studies', 3.0, 'In-depth analysis of selected Shakespearean plays.', 6),
(6004, 'Creative Writing Workshop', 3.0, 'Exploration of fiction, poetry, and dramatic writing.', 6),
(7001, 'World History: Ancient Civilizations', 3.0, 'Survey of early human societies and empires.', 7),
(7002, 'World History: Modern Era', 3.0, 'From the Age of Revolutions to the contemporary world.', 7),
(7003, 'American History I', 3.0, 'Colonial period to the Civil War.', 7),
(7004, 'American History II', 3.0, 'Reconstruction to the present.', 7),
(8001, 'Principles of Microeconomics', 3.0, 'Behavior of individuals and firms in decision-making.', 8),
(8002, 'Principles of Macroeconomics', 3.0, 'Aggregate economic phenomena: inflation, unemployment, growth.', 8),
(8003, 'Econometrics', 3.0, 'Statistical methods for economic data analysis.', 8),
(8004, 'International Economics', 3.0, 'Theories of international trade and finance.', 8),
(9001, 'Introduction to Political Science', 3.0, 'Fundamental concepts of political systems and governance.', 9),
(9002, 'Comparative Politics', 3.0, 'Analysis of political systems across different countries.', 9),
(9003, 'International Relations', 3.0, 'Theories and dynamics of global politics.', 9),
(9004, 'Public Policy Analysis', 3.0, 'Process and content of government policies.', 9),
(10001, 'Introduction to Psychology', 3.0, 'Overview of psychological theories and research methods.', 10),
(10002, 'Cognitive Psychology', 3.0, 'Study of mental processes: memory, perception, problem-solving.', 10),
(10003, 'Developmental Psychology', 3.0, 'Human growth and development across the lifespan.', 10),
(10004, 'Social Psychology', 3.0, 'How individuals are influenced by others and social contexts.', 10),
(11001, 'Introduction to Sociology', 3.0, 'Study of human society, social behavior, and social structures.', 11),
(11002, 'Social Stratification', 3.0, 'Analysis of social classes, inequality, and mobility.', 11),
(11003, 'Sociology of Gender', 3.0, 'Sociological perspectives on gender roles and relations.', 11),
(11004, 'Urban Sociology', 3.0, 'Study of urban life, cities, and urbanization.', 11),
(12001, 'Art History: Ancient to Medieval', 3.0, 'Major artistic developments from antiquity to the Middle Ages.', 12),
(12002, 'Art History: Renaissance to Modern', 3.0, 'Key movements and artists from the Renaissance to contemporary art.', 12),
(12003, 'Asian Art Traditions', 3.0, 'Survey of art forms from East Asia, South Asia, and Southeast Asia.', 12),
(12004, 'Modern Art Movements', 3.0, 'Focus on Impressionism, Cubism, Surrealism, and Abstract Expressionism.', 12),
(13001, 'Music Theory I', 3.0, 'Fundamentals of harmony, melody, and rhythm.', 13),
(13002, 'Music History: Baroque to Romantic', 3.0, 'Major composers, forms, and styles from 1600 to 1900.', 13),
(13003, 'Introduction to Ethnomusicology', 3.0, 'Study of music in cultural and social contexts.', 13),
(13004, 'Composition Basics', 3.0, 'Introduction to the techniques of musical composition.', 13),
(14001, 'Structural Engineering I', 3.0, 'Analysis and design of basic structural elements.', 14),
(14002, 'Fluid Mechanics for Civil Engineers', 3.0, 'Principles of fluid behavior and applications in civil engineering.', 14),
(14003, 'Transportation Engineering', 3.0, 'Planning, design, and operation of transportation systems.', 14),
(14004, 'Environmental Engineering', 3.0, 'Engineering solutions for environmental protection and sustainability.', 14),
(15001, 'Thermodynamics for Engineers', 3.0, 'Energy conversion, heat engines, and refrigeration cycles.', 15),
(15002, 'Mechanics of Materials', 3.0, 'Stress, strain, and deformation of engineering materials.', 15),
(15003, 'Dynamics', 3.0, 'Motion of particles and rigid bodies.', 15),
(15004, 'Machine Design', 3.0, 'Principles of designing mechanical components and systems.', 15);


-- Insert data into Prerequisite table
INSERT INTO Prerequisite (CourseID, PrereqCourseID) VALUES
(1002, 1001), -- Data Structures requires Intro to Programming
(1003, 1001), -- Database Systems requires Intro to Programming
(1004, 1002), -- Operating Systems requires Data Structures
(1005, 1002), -- AI requires Data Structures
(2002, 2001), -- Calculus II requires Calculus I
(2005, 2002), -- Differential Equations requires Calculus II
(3002, 3001), -- General Physics II requires General Physics I
(3003, 3002), -- Quantum Mechanics requires General Physics II
(4002, 4001), -- General Chemistry II requires General Chemistry I
(4003, 4002), -- Organic Chemistry I requires General Chemistry II
(5002, 5001), -- General Biology II requires General Biology I
(5003, 5002); -- Genetics requires General Biology II


-- Insert data into Section table (many sections to support 100 enrollments)
-- Distribute sections across various courses, semesters, and instructors
INSERT INTO Section (SectionID, CourseID, Semester, Year, InstructorID, Capacity) VALUES
(1, 1001, 'Fall', 2024, 101, 30), -- Intro to Prog
(2, 1001, 'Fall', 2024, 116, 30),
(3, 1002, 'Fall', 2024, 101, 25), -- Data Structures
(4, 1003, 'Fall', 2024, 116, 20), -- Database Systems
(5, 2001, 'Fall', 2024, 102, 40), -- Calculus I
(6, 2001, 'Fall', 2024, 117, 40),
(7, 3001, 'Fall', 2024, 103, 35), -- General Physics I
(8, 4001, 'Fall', 2024, 104, 30), -- General Chemistry I
(9, 5001, 'Fall', 2024, 105, 28), -- General Biology I
(10, 6001, 'Fall', 2024, 106, 32), -- Intro to Literature
(11, 7001, 'Fall', 2024, 107, 25), -- World History
(12, 8001, 'Fall', 2024, 108, 30), -- Microeconomics
(13, 9001, 'Fall', 2024, 109, 28), -- Intro to Pol Sci
(14, 10001, 'Fall', 2024, 110, 30), -- Intro to Psychology
(15, 11001, 'Fall', 2024, 111, 25), -- Intro to Sociology
(16, 12001, 'Fall', 2024, 112, 20),
(17, 13001, 'Fall', 2024, 113, 22),
(18, 14001, 'Fall', 2024, 114, 25),
(19, 15001, 'Fall', 2024, 115, 28),
(20, 1001, 'Spring', 2025, 131, 30),
(21, 1002, 'Spring', 2025, 131, 25),
(22, 2002, 'Spring', 2025, 132, 35),
(23, 3002, 'Spring', 2025, 133, 30),
(24, 4003, 'Spring', 2025, 134, 25),
(25, 5003, 'Spring', 2025, 135, 20),
(26, 6002, 'Spring', 2025, 136, 30),
(27, 7002, 'Spring', 2025, 137, 25),
(28, 8002, 'Spring', 2025, 138, 30),
(29, 9002, 'Spring', 2025, 139, 28),
(30, 10002, 'Spring', 2025, 140, 30),
(31, 11002, 'Spring', 2025, 141, 25),
(32, 12002, 'Spring', 2025, 142, 20),
(33, 13002, 'Spring', 2025, 143, 22),
(34, 14002, 'Spring', 2025, 144, 25),
(35, 15002, 'Spring', 2025, 145, 28),
(36, 1004, 'Fall', 2025, 101, 25),
(37, 1005, 'Fall', 2025, 102, 20),
(38, 2003, 'Fall', 2025, 117, 35),
(39, 3004, 'Fall', 2025, 118, 25),
(40, 4004, 'Fall', 2025, 119, 20),
(41, 5004, 'Fall', 2025, 120, 25),
(42, 6003, 'Fall', 2025, 121, 20),
(43, 7003, 'Fall', 2025, 122, 30),
(44, 8003, 'Fall', 2025, 123, 25),
(45, 9003, 'Fall', 2025, 124, 20),
(46, 10003, 'Fall', 2025, 125, 30),
(47, 11003, 'Fall', 2025, 126, 25),
(48, 12003, 'Fall', 2025, 127, 20),
(49, 13003, 'Fall', 2025, 128, 22),
(50, 14003, 'Fall', 2025, 129, 25),
(51, 15003, 'Fall', 2025, 130, 28),
(52, 1006, 'Spring', 2026, 101, 30),
(53, 2004, 'Spring', 2026, 102, 25),
(54, 3003, 'Spring', 2026, 103, 20),
(55, 4004, 'Spring', 2026, 104, 30),
(56, 5004, 'Spring', 2026, 105, 25),
(57, 6004, 'Spring', 2026, 106, 20),
(58, 7004, 'Spring', 2026, 107, 30),
(59, 8004, 'Spring', 2026, 108, 25),
(60, 9004, 'Spring', 2026, 109, 20);

-- Insert data into Enrollment table (100 enrollment samples)
INSERT INTO Enrollment (EnrollmentID, StudentID, SectionID, EnrollmentDate, Grade) VALUES
(1, 2001, 1, '2024-08-15', 'A'),
(2, 2002, 1, '2024-08-15', 'B+'),
(3, 2001, 3, '2024-08-16', 'A-'),
(4, 2003, 5, '2024-08-14', 'B'),
(5, 2004, 7, '2024-08-13', 'A'),
(6, 2005, 8, '2024-08-15', 'C+'),
(7, 2006, 9, '2024-08-12', 'B-'),
(8, 2007, 10, '2024-08-11', 'A'),
(9, 2008, 11, '2024-08-10', 'B'),
(10, 2009, 12, '2024-08-09', 'A-'),
(11, 2010, 13, '2024-08-08', 'C'),
(12, 2011, 14, '2024-08-07', 'B+'),
(13, 2012, 15, '2024-08-06', 'A'),
(14, 2013, 16, '2024-08-05', 'B'),
(15, 2014, 17, '2024-08-04', 'C+'),
(16, 2015, 18, '2024-08-03', 'A-'),
(17, 2016, 19, '2024-08-02', 'B'),
(18, 2017, 20, '2025-01-20', NULL), -- Future enrollment
(19, 2001, 21, '2025-01-21', NULL),
(20, 2002, 22, '2025-01-20', NULL),
(21, 2003, 23, '2025-01-22', NULL),
(22, 2004, 24, '2025-01-23', NULL),
(23, 2005, 25, '2025-01-24', NULL),
(24, 2006, 26, '2025-01-25', NULL),
(25, 2007, 27, '2025-01-26', NULL),
(26, 2008, 28, '2025-01-27', NULL),
(27, 2009, 29, '2025-01-28', NULL),
(28, 2010, 30, '2025-01-29', NULL),
(29, 2011, 31, '2025-01-30', NULL),
(30, 2012, 32, '2025-01-31', NULL),
(31, 2013, 33, '2025-02-01', NULL),
(32, 2014, 34, '2025-02-02', NULL),
(33, 2015, 35, '2025-02-03', NULL),
(34, 2018, 2, '2024-08-16', 'B'),
(35, 2019, 4, '2024-08-17', 'A'),
(36, 2020, 6, '2024-08-18', 'C+'),
(37, 2021, 1, '2024-08-19', 'A-'),
(38, 2022, 3, '2024-08-20', 'B-'),
(39, 2023, 5, '2024-08-21', 'A'),
(40, 2024, 7, '2024-08-22', 'B+'),
(41, 2025, 8, '2024-08-23', 'A-'),
(42, 2026, 9, '2024-08-24', 'C'),
(43, 2027, 10, '2024-08-25', 'B'),
(44, 2028, 11, '2024-08-26', 'A'),
(45, 2029, 12, '2024-08-27', 'B+'),
(46, 2030, 13, '2024-08-28', 'C+'),
(47, 2031, 14, '2024-08-29', 'A-'),
(48, 2032, 15, '2024-08-30', 'B'),
(49, 2033, 16, '2024-08-31', 'C'),
(50, 2034, 17, '2024-09-01', 'A'),
(51, 2035, 18, '2024-09-02', 'B+'),
(52, 2036, 19, '2024-09-03', 'A-'),
(53, 2037, 20, '2025-02-04', NULL),
(54, 2038, 21, '2025-02-05', NULL),
(55, 2039, 22, '2025-02-06', NULL),
(56, 2040, 23, '2025-02-07', NULL),
(57, 2041, 24, '2025-02-08', NULL),
(58, 2042, 25, '2025-02-09', NULL),
(59, 2043, 26, '2025-02-10', NULL),
(60, 2044, 27, '2025-02-11', NULL),
(61, 2045, 28, '2025-02-12', NULL),
(62, 2046, 29, '2025-02-13', NULL),
(63, 2047, 30, '2025-02-14', NULL),
(64, 2048, 31, '2025-02-15', NULL),
(65, 2049, 32, '2025-02-16', NULL),
(66, 2050, 33, '2025-02-17', NULL),
(67, 2051, 34, '2025-02-18', NULL),
(68, 2052, 35, '2025-02-19', NULL),
(69, 2053, 1, '2024-08-15', 'B'),
(70, 2054, 2, '2024-08-16', 'C+'),
(71, 2055, 3, '2024-08-17', 'A'),
(72, 2056, 4, '2024-08-18', 'B-'),
(73, 2057, 5, '2024-08-19', 'A-'),
(74, 2058, 6, '2024-08-20', 'B'),
(75, 2059, 7, '2024-08-21', 'A+'),
(76, 2060, 8, '2024-08-22', 'C'),
(77, 2061, 9, '2024-08-23', 'B+'),
(78, 2062, 10, '2024-08-24', 'A'),
(79, 2063, 11, '2024-08-25', 'B-'),
(80, 2064, 12, '2024-08-26', 'A-'),
(81, 2065, 13, '2024-08-27', 'C+'),
(82, 2066, 14, '2024-08-28', 'B'),
(83, 2067, 15, '2024-08-29', 'A'),
(84, 2068, 16, '2024-08-30', 'B+'),
(85, 2069, 17, '2024-08-31', 'C'),
(86, 2070, 18, '2024-09-01', 'A-'),
(87, 2071, 19, '2024-09-02', 'B'),
(88, 2072, 20, '2025-02-20', NULL),
(89, 2073, 21, '2025-02-21', NULL),
(90, 2074, 22, '2025-02-22', NULL),
(91, 2075, 23, '2025-02-23', NULL),
(92, 2076, 24, '2025-02-24', NULL),
(93, 2077, 25, '2025-02-25', NULL),
(94, 2078, 26, '2025-02-26', NULL),
(95, 2079, 27, '2025-02-27', NULL),
(96, 2080, 28, '2025-02-28', NULL),
(97, 2081, 29, '2025-03-01', NULL),
(98, 2082, 30, '2025-03-02', NULL),
(99, 2083, 36, '2025-08-20', NULL),
(100, 2084, 37, '2025-08-21', NULL);